WORD, PART OF SPEECH, DEFINITION
Abacus,noun, frame with balls for calculating       
Abate,noun, to lessen to subside        
Abdication,noun, giving up control authority        
Aberration,noun, straying away from what is normal      
Abet,noun, help/encourage someone (in doing wrong)     
Abeyance,noun, suspended action          
Abhor,noun, to hate to detest        
Abide,verb, be faithful to endure        
Abjure,noun, promise or swear to give up      
Abraded,adjective, rubbed off worn away by friction      
Abrogate,adjective, repeal or annul by authority       
Abscond,noun, to go away suddenly (to avoid arrest)     
Abstruse,noun, difficult to comprehend obscure        
Abut,verb, border on          
Abysmal,adjective, bottomless extreme          
Acarpous,adjective, effete no longer fertile worn out      
Acclaimed,adjective, welcomed with shouts and approval       
Accolade,adjective, praise approval          
Accretion,noun, the growing of separate things into one     
Adamant,adjective, kind of stone inflexible        
Admonitory,adjective, containing warning          
Adorn,adjective, add beauty decorate         
Adulteration,noun, making unpure poorer in quality       
Affable,adjective, polite and friendly       
Affinity,noun, close connection relationship         
Aggravate,verb, make worse irritate         
Agile,adjective, active quick-moving          
Agog,adjective, eager/excited         
Ail,adjective, trouble be ill         
Alacrity,noun, eager and cheerful readiness        
Alcove,noun, recess/partially enclosed place       
Allegiance,noun, duty support loyalty         
Alleviate,verb, make (pain) easier to bear       
Alloy,noun, to debase by mixing with something inferior     
Aloof,adjective, reserved indifferent          
Amalgamate,verb, mix combine unite societies        
Ambidextrous,adjective, able to use the left hand or the right equally well 
Ambiguous,adjective, doubtful uncertain          
Ambivalent,adjective, having both of two contrary meanings      
Ameliorate,verb, improve make better         
Amortize,verb, end (a debt) by setting aside money     
Anguish,noun, severe suffering        
Animosity,noun, strong dislike          
Antidote,noun, medicine used against a poison or a disease    
Antithetical,adjective, direct opposing          
Apartheid,noun, brutal racial discrimination         
Aplomb,noun, self-confidence           
Apostate,noun, one who abandons long-held religious or political convictions    
Apotheosis,noun, deification glorification to godliness        
Appease,verb, make quiet or calm        
Apprehensive,adjective, grasping understanding fear unhappy feeling about future     
Apprise,verb, give notice to inform        
Approbation,noun, approval           
Apropos,adjective, appropriate to the situation apt       
Apt,adjective, well-suited quick-witted          
Arabesque,noun, a complex ornate design        
Arboreal,adjective, of connected with trees        
Ardor,noun, enthusiasm           
Arduous,adjective, steep difficult ascent laborious        
Argot,noun, jargon slang          
Arrant,adjective, in the highest degree        
Arrogance,noun, proud superior manner of behaviour       
Articulate,verb, speak distinctly connect by joints       
Ascend,verb, go or come up        
Ascertain,verb, get to know         
Ascetic,adjective, practicing self-denial austere stark        
Ascribe,verb, consider to be the origin of or belonging to   
Aseptic,adjective, surgically clean        
Asperity,noun, roughness harshness ill temper irritability       
Aspersion,noun, slander           
Assail,verb, with attack violently         
Assiduous,adjective, diligent hard-working sedulous         
Assuage,verb, make something (pain desire) less       
Asterisk,noun, the mark * (e.g.. omitted letters)      
Astringent,noun, substance that shrinks         
Astute,adjective, clever quick at seeing to get an advantage    
Atonement,noun, repayment death of Jesus        
Attenuate,verb, make thin. weaken enervate        
Attune,verb, bring into harmony       
Audacious,adjective, daring foolishly bold impudent        
Augury,noun, omen sign          
August,adjective, majestic venerable          
Auspicious,adjective, favorable successful prosperous         
Austere,adjective, severely moral and strict simple and plain     
Auxiliary,adjective, helping supporting          
Aver,verb, affirm assert prove justify        
Aversion,noun, strong dislike          
Avid,adjective, eager greedy          
Avow,verb, admit. Declare openly         
Baleful,adjective, harmful ominous causing evil        
Balk,verb, obstacle purposely to get on the way of    
Baneful,adjective, causing harm or ruin pernicious destructive      
Barrage,noun, artificial obstacle built across a river      
Barren,adjective, not good enough unable to have young ones without value  
Bask,verb, in enjoy warmth and light       
Beatify,verb, to bless make happy or ascribe a virtue to   
Bedizen,verb, to adorn especially in a cheap showy manner    
Belabor,verb, beat hard        
Bellicose,adjective, belligerent pugnacious warlike         
Belligerent,adjective, (person nation) waging war        
Benefactor,noun, person who has given help       
Benevolence,noun, wish or activity in doing good      
Benign,adjective, kind and gentle mild (climate)       
Bequest,noun, arrangement to give something at death      
Berate,verb, scold sharply          
Bereft,verb, rob or dispossess of something (material)      
Bewilder,verb, puzzle confuse          
Bigot,noun, stubborn narrow-minded person         
Bilge,noun, bulge the protuberance of a cask      
Blandishment,noun, flattery coaxing          
Blandness,noun, polite manner comforting uninteresting        
Blatant,adjective, noisy and rough         
Blithe,adjective, cheerful casual carefree         
Bogus,adjective, sham counterfeit not genuine        
Boisterous,adjective, loud noisy rough lacking restraint       
Bolster,verb, give greatly needed support        
Boorish,adjective, crude offensive rude         
Brash,adjective, hasty rush cheeky saucy        
Brass,noun, yellow metal (mixing copper and zinc)      
Brazen,adjective, made of brass         
Breach,noun, opening broken place breaking        
Brittle,adjective, easily broken          
Broach,verb, bring up announce begin to talk about     
Brook,noun, to tolerate endure         
Buoyant,adjective, able to float light-hearted        
Burgeon,verb, grow forth send out buds       
Burnish,verb, to polish rub to a shine      
Cabal,noun, a scheme or plot a group of plotters    
Cadge,verb, to beg to get by begging      
Cajole,verb, use flattery or deceit to persuade    
Calipers,noun, metal supports attached to the legs measuring instrument    
Calumny,noun, slander aspersion          
Candid,adjective, frank straight-forward          
Cant,noun, insincere talk/jargon        
Cantankerous,adjective, bad-tempered/quarrelsome         
Canvass,noun, discuss thoroughly sort of touting       
Castigate,verb, to chastise correct by punishing       
Castigation,noun, severe punishment          
Catalyst,noun, substance that causes speeding up       
Caustic,adjective, biting sarcastic          
Censure,verb, expression of blame or disapproval a rebuke     
Centurion,noun, leader of a unit of 100 soldiers     
Chary,adjective, cautious wary          
Chastened,verb, corrected punished          
Chastisement,noun, punishment           
Chauvinist,noun, a blindly devoted patriot        
Chicanery,noun, legal trickery/false argument       
Chisel,noun, steel tool for shaping materials       
Churl,noun, bad-tempered person          
Clamor,noun, shout complain with a lot of noise     
Clientele,noun, customers         
Clinch,verb, come to grips/settle conclusively      
Cling,verb, to resist separation         
Clot,noun, half-solid lump formed from liquid       
Cloture,noun, closing device (in Parliament) to end a debate by voting  
Coagulation,noun, change to a thick and solid state   
Coalescing,adjective, coming together and uniting into one substance     
Coax,verb, get someone to do something by kindness     
Coda,noun, passage that completes a piece of music   
Coddle,verb, treat with care and tenderness       
Coerce,verb, compel to force to make obedient      
Coeval,noun, of the same period coexisting       
Cogent,adjective, strong convincing          
Cogitate,verb, think deeply mediate         
Cognizant,adjective, being fully aware of        
Colander,noun, bowl-shaped vessel with many holes used to drain off water  
Collusion,noun, secret agreement for a deceitful purpose      
Combustion,noun, process of burning         
Commemorate,verb, keep the memory of        
Commodious,adjective, having plenty of space for what is needed  
Commuter,noun, person who travels regularly        
Complaisance,noun, tending to comply obliging willingness to please     
Compunction,noun, feeling of regret for one's action      
Conceal,verb, hide keep secret         
Conceit,noun, over-high opinion of too much pride      
Conciliatory,noun, reconciling soothing comforting mollifying        
Concord,noun, agreement or harmony         
Concur,verb, agree in opinion happen together       
Condense,verb, increase in density strength make laconic      
Condone,verb, forgive           
Congeal,verb, make or become stiff and solid      
Conjoin,verb, to join together         
Connoisseur,noun, a person with good judgement (e.g.. in art)    
Connotation,noun, suggestion in addition to        
Consequential,adjective, pompous self important         
Console,verb, give comfort or sympathy to       
Conspicuous,adjective, easily seen remarkable         
Consternation,noun, surprise and fear dismay        
Constrain,verb, compel         
Constrict,verb, make tight or smaller        
Consume,verb, get to the end of       
Consummate,verb, perfect/make perfect/complete        
Contemn,verb, to scorn or despise        
Contentious,adjective, argumentative pugnacious combative quarrelsome        
Contiguous,adjective, touching neighboring near         
Contrite,adjective, filled with deep sorrow for wrongdoing      
Contumacious,adjective, insubordinate rebellious          
Conundrum,noun, a riddle dilemma enigma        
Conviction,noun, convincing firm belief         
Convoke,verb, call together summon         
Convoluted,adjective, complicated coiled twisted         
Cordial,adjective, warm and sincere         
Cordon,noun, line (of police acting as a guard)     
Cornucopia,noun, abundant supply        
Corporeal,noun, physical of or for the body      
Correlate,noun, have a mutual relation        
Corroboration,noun, additional strengthening evidence         
Countenance,noun, to favor or approve of       
Counterfeit,noun, forgery           
Countervail,noun, counterbalance           
Covert,adjective, disguised           
Covetous,adjective, eagerly desirous          
Cower,verb, crouch shrink back         
Coy,adjective, shy/modest   
Crass,adjective, very great (es. stupidity)      
Cravat,noun, piece of linen worn as a necktie   
Craven,adjective, cowardly           
Crease,noun, line made by crushing white line on the ground in cricket 
Credulity,noun, too great a readiness to believe things     
Credulous,adjective, ready to believe things        
Crush,verb, press lose shape subdue overwhelm       
Cryptic,adjective, secret with a hidden meaning       
Cumbersome,adjective, burdensome heavy and awkward to carry      
Curmudgeon,noun, bad-tempered person          
Curriculum,noun, course of study         
Cursory,adjective, quick hurried          
Curtail,verb, make shorter then was planned       
Dainty,adjective, pretty/delicate(food)/difficult to please       
Daunt,verb, intimidate make fearful         
Dawdler,noun, person who is slow waste of time     
Dearth,noun, shortage           
Debacle,noun, a breakup overthrow sudden disaster       
Decorum,noun, propriety properness          
Decree,adjective, order given by authority        
Decry,noun, disapprove of          
Defer,verb, postpone give way (to show respect)      
Deferential,adjective, showing respect          
Defiance,noun, open disobedience or resistance        
Delineate,verb, to portray depict sketch out       
Deluge,noun, great flood heavy rush of water      
Demagogue,noun, person appealing not to reasons       
Demur,verb, to hesitate raise objections        
Denigrate,verb, blacken belittle sully defame        
Denouement,noun, an outcome or solution the unraveling of a plot   
Deplete,verb, use until none remains        
Deposition,noun, dethronement depositing          
Deprave,verb, make morally bad corrupt        
Deprecate,verb, protest against express disapproval of       
Dereliction,noun, deserting and leaving to fall into ruins     
Derision,noun, ridicule mockery deriding         
Derivative,adjective, unoriginal obtained from another source       
Derogatory,adjective, insulting tending to damage        
Descry,verb, catch sight of see something in the distance    
Desiccant,adjective, substance used to absorb moisture       
Desuetude,noun, cessation of use disuse        
Desultory,adjective, aimless haphazard digressing at random       
Deter,verb, discourage hinder          
Detraction,noun, slandering verbal attack aspersion        
Detumescence,noun, diminishing or lessening of swelling       
Deviance,noun, being different in moral standards (from normal)     
Dexterity,noun, skill (esp. in handling)        
Diaphanous,adjective, transparent gauzy          
Diatribe,noun, bitter and violent attack in words      
Diffidence,noun, shyness           
Dilate,verb, speak comprehensively become wider large       
Disallow,verb, refuse to allow or accept as a correct    
Discern,verb, see with an effort but clearly      
Discomfit,verb, confuse embarrass          
Disconcert,verb, upset the self-possession of        
Discountenance,noun, refuse to approve of        
Discourse,noun, speech lecture          
Discredit,verb, refuse to believe         
Discreet,adjective, careful/prudent         
Discrete,adjective, individually distinct        
Disdain,noun, look on with contempt        
Disencumber,verb, free from encumbrance         
Disheveled,adjective, untidy           
Disingenuous,adjective, sophisticated artful trying to deceive cunning      
Disinter,verb, dig up from the earth       
Dislodge,verb, move force from the place occupied      
Dismal,adjective, sad gloomy miserable         
Disparate,adjective, essentially different          
Disproof,noun, proof to the contrary      
Dissemble,adjective, speak or behave so as to hide something (in mind)  
Disseminate,verb, distribute (esp. ideas)         
Dissent,verb, have a different opinion refuse to assent     
Dissolution,noun, disintegration looseness in morals        
Distraught,adjective, distracted violently upset in mind       
Divergence,noun, getting farther apart from a point      
Divestiture,noun, taking off getting rid of giving up     
Divulge,verb, make known something secret        
Doggerel,noun, trivial poorly constructed verse        
Dogmatic,adjective, positive certain arbitrary without room for discussion     
Dolt,noun, stupid fellow          
Dormant,adjective, in a state of inactivity but awaiting development    
Dote,verb, show much fondness center one's attention      
Drawl,noun, slow way of speaking      
Droll,adjective, jesting         
Drone,noun, male bee person who isn't self-employed      
Drowsiness,noun, feeling sleepy half asleep        
Dubious,adjective, feeling doubt          
Dud,noun, no use person something that fails      
Dulcet,adjective, melodious harmonious          
Dupe,verb, cheat make a fool of       
Duplicity,noun, deliberate deception          
Duress,noun, threats to compel someone        
Dwarf,noun, person or someone much below the usual size    
Dynamo,noun, a generator something that produces electric current     
Earthenware,noun, dishes made of baked clay       
Ebullience,noun, exuberance outburst of feeling        
Ebullient,adjective, overflowing with enthusiasm showing excitement       
Ecumenical,adjective, representing the whole Christian world       
Edacious,adjective, voracious devouring          
Eddy,noun, circular or spiral movement (e.g.. of wind)     
Edible,adjective, fit to be eaten/not poisonous     
Effete,adjective, infertile worn out weak        
Efficacy,noun, production of a desired result       
Effluvia,noun, outflow in a stream of particles a noxious odor or vapor 
Effrontery,noun, boldness impudence arrogance         
Egress,noun, way out exit         
Elaborate,adjective, worked out with much care in great detail    
Elegy,noun, a lament a melancholy composition       
Elicit,verb, draw out          
Eloquence,noun, fluent speaking skillful use of language      
Emaciate,verb, make thin and weak        
Embellish,adjective, make beautiful          
Embezzle,verb, use in a wrong way for one's own benefit   
Emote,verb, stir up excite         
Empirical,adjective, relying on experiment         
Encapsulate,verb, enclose in capsule         
Encomium,noun, warm or glowing praise eulogy panegyric      
Encumbrance,noun, burden things that get on the way of    
Endearing,adjective, making dear or liked        
Endemic,adjective, epidemic           
Endorse,verb, write one's name on the back of     
Enduring,adjective, lasting           
Enervate,verb, weaken deprive of strength attenuate       
Engender,verb, cause produce give rise to       
Engrave,verb, impress deeply          
Engrossing,adjective, taken up all the time or attention writing in large or formal
Engulf,verb, swallow up          
Enigma,noun, something that is puzzling        
Enmity,noun, hatred being an enemy        
Ensign,noun, flag/badge         
Entangle,verb, put into difficulties         
Enthral,adjective, please greatly/enslave (fig)       
Entice,verb, tempt or persuade       
Entreat,verb, ask earnestly          
Enunciate,verb, pronounce (words)/express a theory      
Enzyme,noun, catalyst           
Epicurean,adjective, devoted to pleasure (sensuous enjoyment)       
Epistle,noun, letter           
Epithet,noun, adjective           
Epitome,noun, brief summary representative example a typical model     
Equable,adjective, steady regular          
Equanimity,noun, calmness of temperament         
Equilibrium,noun, state of being balanced        
Equipoise,noun, equal distribution of weight equilibrium       
Equivocal,adjective, having a double or doubtful meaning suspicious     
Equivocate,noun, try to deceive by equivocal language      
Eradicate,verb, get rid of pull up by the roots    
Erratic,adjective, irregular in behaviour or opinion       
Erudite,adjective, learned scholarly          
Eschew,verb, avoid         
Esoteric,adjective, abstruse intended only for a small circle of    
Espouse,verb, marry give one's support to       
Eulogy,noun, formal praise panegyric         
Euphoria,noun, elation state of pleasant excitement       
Euthanasia,noun, easy and painless death        
Evasive,adjective, tending to evade       
Evince,verb, to show clearly to indicate       
Evoke,verb, call up bring out        
Excoriation,noun, severe criticism          
Exculpate,noun, to clear from a charge of guilt     
Exhaustive,adjective, complete thorough          
Exigency,noun, emergency an urgent situation        
Exoneration,noun, set someone clear free (e.g.. from blame)     
Exorbitant,adjective, much too high or great       
Expatiate,verb, to roam wander freely        
Expedient,adjective, likely to be useful for a purpose     
Expiation,noun, ending expiring          
Exploit,verb, brilliant achievement develop use selfishly       
Expostulate,verb, argue earnestly to dissuade correct or protest     
Expurgate,verb, to remove obscenity purify censor       
Exscind,verb, to cut out cut away       
Extant,adjective, still in existence         
Extempore,noun, without previous thought or preparation     
Extenuate,verb, reduce the strength of lessen seriousness partially excuse    
Extinct,adjective, no longer active         
Extinguish,verb, end the existence of/wipe or put out   
Extirpate,verb, to destroy exterminate cut out exscind      
Extol,verb, praise highly          
Extort,verb, obtain by threats violence        
Extralegal,noun, outside the law         
Extricable,adjective, that can be freed        
Extrovert,noun, cheerful person          
Exuberance,noun, state of growing vigorously being full of life    
Facetious,adjective, humorous funny jocular         
Facile,adjective, easily done          
Fallacious,adjective, based on error         
Falter,verb, waver/move in an uncertain manner     
Fatuous,adjective, without sense foolish self-satisfaction        
Fawn,noun, young deer try to win someone's favor     
Feckless,adjective, lacking purpose or vitality ineffective careless      
Fecund,adjective, fertile           
Feint,verb, pretend           
Felicitous,adjective, apt suitably expressed well chosen apropos      
Felon,noun, person guilty of murder        
Ferment,verb, substance become excited         
Ferocity,noun, savage cruelty          
Ferret,noun, discover by searching search        
Fervid,adjective, showing earnest feeling         
Fervor,noun, warmth of feelings earnestness        
Fetid,adjective, stinking         
Fetter,noun, to shackle put in chains       
Feud,noun, bitter quarrel over a long period of time    
Fidelity,noun, loyalty accuracy          
Fidget,verb, move restlessly make nervous        
Figurehead,noun, carved image on the prow of a ship    
Finesse,noun, delicate way of dealing with a situation     
Finical,adjective, too fussy about food clothing etc.      
Finicky,adjective, finical           
Fission,noun, splitting or division (esp. of cells)      
Fixate,verb, stare at          
Flak,noun, criticism/anti-aircraft guns        
Flamboyant,adjective, brightly colored florid         
Flaunting,verb, show off complacently         
Flax,noun, pale yellow (hair) a plant       
Fledged,adjective, able to fly trained experienced       
Fleet,noun, number of ships quick-moving        
Flinch,verb, draw move back wince        
Flop,verb, fail/move/fall clumsily        
Florid,adjective, very much ornamented naturally red (e.g.. of face)    
Flout,verb, reject mock to go against (as in going against tradition)  
Fluke,noun, lucky stroke        
Fluster,verb, make nervous or confused        
Foible,noun, defect of character (a person is wrongly proud)    
Foil,noun, prevent from carrying out contrast       
Foment,verb, put something warm (to lessen the pain)     
Foolproof,adjective, incapable of failure or error     
Foppish,adjective, like a man who pays too much attention to his clothes 
Forage,verb, food for horses and cattle     
Forbear,adjective, refrain from be patient ancestor       
Forbearance,noun, patience willingness to wait        
Ford,noun, shallow place in a river (to cross)     
Forestall,verb, prevent by taking action in advance preempt     
Forfeit,noun, suffer the loss of something       
Forge,noun, workshop for the shaping of metal to shape metal lead  
Forgery,noun, counterfeit           
Forswear,adjective, renounce disallow repudiate         
Foster,noun, nurture care for         
Fracas,noun, noisy quarrel        
Fragile,adjective, easily injured broken or destroyed       
Fragrant,adjective, sweet-smelling           
Frantic,adjective, wildly excited with joy pain anxiety      
Frenetic,adjective, frantic frenzied          
Fret,verb, worry irritation wear away        
Fringe,noun, edge ornamental border part of hair over the forehead   
Froward,adjective, intractable not willing to yield or comply stubborn    
Frugal,adjective, careful economical          
Fulmination,noun, bitter protest          
Fulsome,adjective, disgusting offensive due to excessiveness       
Gainsay,verb, to deny to oppose
Garble,verb, make unfair selection from facts     
Garment,noun, article of clothing         
Garner,verb, to gather and save to store up     
Garrulity,adjective, talkativeness           
Garrulous,adjective, too talkative          
Gaucherie,noun, socially awkward tactless behavior        
Germane,adjective, relevant pertinent to         
Gist,noun, the point general sense        
Glean,verb, gather facts in small quantities       
Glib,adjective, ready and smooth but not sincere      
Glimmer,noun, weak/unsteady light        
Gloat,verb, over look at with selfish delight      
Glut,noun, supply to much fill to excess      
Gnaw,verb, waste away bite steadily        
Goad,noun, something urging a person to action      
Gorge,verb, eat greedily/narrow opening with a stream    
Gossamer,adjective, soft light delicate material        
Gouge,noun, tool for cutting grooves in wood      
Grandiloquent,adjective, using pompous words       
Grave,noun, serious requiring consideration         
Graze,verb, touch or scrape lightly in passing    
Gregarious,adjective, living in societies liking the company      
Grievous,adjective, causing grief or pain serious dire grave     
Grovel,verb, crawl humble oneself         
Guile,noun, deceit cunning          
Gullible,adjective, easily gulled          
Gush,verb, burst out suddenly/talk ardently      
Gust,noun, outburst of feeling sudden rain wind fire etc.    
Hack,verb, cut roughly hired horse        
Halcyon,adjective, calm and peaceful       
Hallow,adjective, to make holy consecrate        
Harangue,noun, a long passionate speech        
Harbinger,noun, something or someone that foretells the coming of    
Harrow,noun, to distress create stress or torment      
Haughty,adjective, arrogant conceited          
Heed,verb, attention/give notice to       
Heinous,adjective, odious (of crime)         
Heresy,noun, belief contrary to what is generally accepted     
Hermetic,adjective, sealed by fusion         
Heterogeneous,adjective, made up of different kinds       
Hew,verb, make by hard work cut (by striking)     
Highbrow,noun, (person) with superior tastes      
Hirsute,adjective, hairy shaggy          
Hoax,noun, mischievous trick played on someone for a joke    
Hoi,noun, polloi the masses the rabble       
Hollow,adjective, not soled with hole        
Holster,noun, leather case for a pistol       
Homiletics,noun, act of preaching       
Hone,verb, stone used for sharpening tools       
Hoodwink,verb, trick mislead          
Hospitable,adjective, liking to give hospitality        
Hubris,noun, arrogant pride          
Hush,verb, make or become silent      
Husk,noun, worthless outside part of anything       
Hypocrisy,noun, falsely making oneself appear to be good     
Iconoclast,noun, person who attacks popular beliefs       
Idiosyncrasy,noun, personal mannerism          
Idolatry,noun, excessive admiration of         
Idyll,noun, a carefree episode or experience       
Ignoble,adjective, dishonorable common undignified         
Ignominious,adjective, shameful dishonorable undignified disgraceful        
Illicit,adjective, unlawful forbidden          
Imbroglio,noun, complicated and embarrassing situation        
Immaculate,adjective, pure faultless          
Imminent,adjective, likely to come or happen soon      
Immutable,adjective, that cannot be changed        
Impair,verb, worsen diminish in value        
Impassive,adjective, unmoved feeling no sign of passion      
Impecunious,adjective, having little or no money       
Impede,verb, hinder get in the way of      
Impediment,noun, something that hinders (e.g. stammer)       
Impending,adjective, imminent being about to happen expected      
Imperative,adjective, urgent essential          
Imperious,adjective, commanding haughty arrogant         
Impermeable,adjective, that cannot be permeated        
Imperturbable,adjective, calm not capable of being excited      
Impervious,adjective, not allowing to pass through (of materials)     
Imperviousness,noun, haughty arrogant commanding         
Impetuous,adjective, having sudden energy impulsive thrusting ahead forceful     
Impiety,noun, lack of reverence or dutifulness       
Implacable,adjective, incapable of being placated unpleasable       
Implicate,verb, show that someone has a share      
Implicit,adjective, implied though not plainly expressed       
Implosion,noun, collapse bursting inward         
Importune,noun, beg urgently solicit (of a prostitute)      
Imprecation,noun, an invocation of evil a curse      
Impromptu,adjective, without preparation          
Impudent,adjective, rash indiscreet          
Impugned,adjective, challenged to be doubted        
Impute,verb, to attribute to a cause or source ascribe    
Inadvertent,adjective, not paying proper attention        
Inane,adjective, silly senseless          
Inasmuch,adjective, since because          
Incense,verb, make angry          
Incessant,adjective, often repeated continual         
Inchoate,adjective, not yet fully formed rudimentary elementary      
Incipient,noun, beginning         
Incise,verb, engrave make a cut in       
Incite,verb, stir up rouse         
Inclined,verb, directing the mind in a certain direction     
Incongruous,adjective, out of place not in harmony or agreement    
Incorrigibility,noun, cannot be cured or corrected       
Incredulous,adjective, skeptical unwilling to believe        
Inculcate,noun, fix firmly by repetition        
Incumbents,noun, official duties          
Incursion,noun, a raid a sudden attack       
Indefatigability,noun, not easily exhaustible tirelessness        
Indelible,adjective, that cannot be rubbed out       
Indigence,noun, poverty           
Indigenous,adjective, native           
Indistinct,adjective, not easily heard seen clearly marked      
Indolence,noun, laziness           
Indomitable,adjective, not easily discouraged or subdued       
Indulge,verb, gratify give way to satisfy allow oneself     
Indulgent,adjective, inclined to indulge         
Ineffable,adjective, to great to be described in words     
Ineluctable,adjective, certain inevitable          
Inept,adjective, unskillful said or done at the wrong time    
Ineptitude,noun, quality of being unskillful      
Inferno,noun, hell         
Infuriate,verb, fill with fury or rage       
Infuse,verb, put pour fill         
Ingenuous,adjective, naive young artless frank honest sincere      
Ingest,verb, take in by swallowing        
Inimical,adjective, harmful or friendly         
Inimitable,adjective, defying imitation unmatchable         
Innocuous,adjective, causing no harm         
Inscrutable,adjective, incapable of being discovered or understood      
Insensible,adjective, unconscious unresponsive unaffected         
Insinuate,verb, suggest unpleasantly make a way for something gently    
Insipid,adjective, without taste or flavor        
Insouciant,adjective, unconcerned carefree          
Insularity,noun, narrow-mindedness isolated          
Insurrection,noun, rising of people to open resistance to     
Interdict,verb, prohibit forbid          
Interim,adjective, as an installment         
Intersperse,verb, place here and there        
Intransigence,noun, unwillingness to compromise stubbornness intractability       
Intransigent,noun, uncompromising           
Intrepid,adjective, fearless brave undaunted         
Introspection,noun, examining one's own thoughts and feelings      
Inundate,verb, flood cover by overflowing        
Inured,adjective, accustomed to adapted         
Invective,adjective, abusive language curses         
Inveigh,verb, to attack verbally denounce deprecate       
Inveterate,adjective, deep-rooted. long-established          
Invincible,adjective, too strong to be defeated     
Involute,adjective, complex           
Irascible,adjective, irritable easily angered         
Irate,adjective, angry           
Ire,noun, anger           
Irksome,adjective, tiresome           
Irresolute,noun, hesitating undecided          
Irrevocable,adjective, final and unalterable         
Itinerate,adjective, to travel from place to place to peregrinate    
Jabber,verb, talk excitedly utter rapidly        
Jibe,noun, gibe make fun of        
Jocular,adjective, meant as a joke        
Judicious,adjective, sound in judgment wise        
Knit,verb, draw together unite firmly        
Labyrinthine,adjective, to entangle the state of affairs      
Lachrymose,adjective, causing tears tearful         
Lackluster,adjective, (of eyes) dull         
Lament,verb, show feel great sorrow        
Lassitude,noun, weariness tiredness          
Latent,adjective, present but not yet active developed or visible    
Laudatory,adjective, expressing or giving praise        
Lavish,adjective, giving or producing freely liberally or generously     
Legacy,noun, something handed down from ancestors       
Levee,noun, formal reception/embankment        
Levity,noun, lack of seriousness       
Libel,noun, statement that damages reputation        
Liberality,noun, free giving generosity         
Libertine,adjective, immoral person          
Lien,noun, legal claim until a debt on it is repaid   
Limn,verb, paint portray          
Limp,verb, lacking strength walking unevenly        
Lionize,verb, treat as a famous person     
Lithe,adjective, bending twisting          
Loll,verb, rest to sit or stand in a lazy way hang (dog's tongue)
Lope,verb, move along with long strides     
Loquacious,adjective, talkative garrulous          
Lucubrate,verb, write in scholarly fashion        
Luculent,adjective, easily understood lucid clear        
Lugubrious,adjective, mournful excessively sad         
Lull,noun, become quiet or less active       
Lumber,verb, move in a clumsy/noisy way     
Luminary,adjective, star light-giving body         
Lurk,verb, be out of view ready to attack   
Lustrous,adjective, being bright polished         
Macabre,adjective, gruesome suggesting death         
Macerate,verb, make or become soft by soaking in water  
Machination,noun, plot scheme (esp. evil)        
Maladroit,adjective, tactless clumsy          
Malapropism,noun, misuse of a word (for one that resembles it)   
Malevolence,noun, wishing to do evil        
Malign,verb, injurious speak ill of someone tell lie     
Malinger,verb, to fake illness or injury in order to shirk a duty 
Malleable,adjective, yielding easily shaped moldable adapting       
Manacle,noun, chains for the hands or feet      
Massacre,noun, cruel killing of a large number of people    
Matriculation,noun, be admitted enter a university as a student    
Maudlin,adjective, sentimental in a silly or tearful way     
Maul,verb, hurt by rough handling      
Maverick,noun, rebel nonconformist          
Mellifluous,adjective, sweetly flowing          
Mendacity,noun, dishonesty           
Mendicant,noun, a beggar          
Mercurial,adjective, quick changeable in character fleeting       
Meretricious,adjective, attractive on the surface but of little value    
Mesmerize,verb, hypnotize           
Meticulous,adjective, giving great attention to details       
Mettle,noun, quality of endurance or courage       
Mettlesome,adjective, courageous high-spirited          
Middling,adjective, fairly good but not very good      
Minatory,adjective, menacing threatening          
Mince,verb, pronounce or speak affectedly euphemize       
Misanthrope,noun, person who hates mankind        
Mischievous,adjective, harmful causing mischief         
Miser,noun, person who loves wealth and spends little     
Misogynist,noun, one who hates women/females        
Moderation,noun, quality of being limited not extreme      
Mollify,verb, make calmer or quieter        
Molt,adjective, moult lose hair feathers before new growing     
Morbid,adjective, diseased unhealthy (e.g.. about ideas)       
Morose,adjective, ill-tempered unsocial          
Muffler,noun, cloth worn round the neck/silencer     
Multifarious,adjective, varied motley greatly diversified        
Mundane,adjective, worldly as opposed to spiritual commonplace everyday     
Myriad,noun, very great number         
Nadir,noun, lowest weakest point         
Nascent,adjective, coming into existence emerging        
Nebulous,adjective, cloud-like hazy vague indistinct        
Negligent,adjective, taking too little care        
Neophyte,noun, person who has been converted to a belief    
Nexus,noun, a connection tie or link       
Nibble,verb, show some inclination to accept (an offer)     
Noisome,adjective, offensive disgusting (smell)         
Nonchalant,adjective, not having interest         
Nonplussed,adjective, greatly surprised          
Nostrum,noun, a quack remedy an untested cure      
Noxious,adjective, harmful           
Nugatory,adjective, trifling/worthless         
Obdurate,adjective, hardened and unrepenting stubborn inflexible       
Obfuscate,verb, to darken make obscure muddle       
Oblivious,adjective, unaware having no memory        
Obloquy,noun, abusively detractive language sharp criticism vituperation      
Obsequious,adjective, too eager to obey or serve      
Obstreperous,adjective, noisy loud          
Obtain,verb, to be established accepted or customary      
Obtrusive,adjective, projecting prominent undesirably noticeable        
Obtuse,adjective, blunt/stupid         
Obviate,verb, to make unnecessary get rid of      
Occluded,verb, blocked up          
Odious,adjective, repulsive hateful          
Odium,noun, contempt dislike aversion         
Odor,noun, smell favor reputation         
Officious,adjective, too eager or ready to help offer advice    
Ominous,adjective, threatening         
Onerous,adjective, needing effort burdensome         
Opaqueness,noun, dullness/not allowing light to pass through    
Opprobrious,adjective, showing scorn or reproach        
Ossify,verb, to turn to bone to settle rigidly into an idea  
Ostensible,adjective, seeming appearing as such professed       
Ostentation,noun, display to obtain admiration or envy      
Ostracism,noun, shut out from society refuse to meet talk    
Overhaul,verb, examine thoroughly to learn about the condition     
Overweening,adjective, presumptuously arrogant overbearing immoderate being a jerk     
Paean,adjective, song of praise or triumph       
Palate,noun, roof of the mouth sense of taste     
Palatial,adjective, magnificent           
Palliate,verb, lessen the severity of        
Palpability,noun, can be felt touched understood       
Palpitate,verb, tremble beat rapidly and irregularly       
Panegyric,adjective, formal praise eulogy         
Paradigm,noun, a model example or pattern       
Parenthesis,noun, sentence within another one something separated      
Pariah,noun, an outcast a rejected and despised person     
Parsimonious,adjective, too economical miserly         
Partisan,adjective, one-sided committed to a party biased or prejudiced    
Patron,noun, regular customer person who gives support      
Paucity,noun, scarcity a lacking of        
Peccadillo,noun, small sin small weakness in one's character     
Pedantic,adjective, bookish showing off learning        
Pedestrian,adjective, commonplace trite unremarkable         
Pellucid,noun, transparent easy to understand        
Penchant,noun, strong inclination a liking        
Penitent,adjective, feeling or showing regret        
Penurious,adjective, poor/stingy         
Penury,noun, extreme poverty          
Peregrination,noun, traveling about wandering         
Peremptory,adjective, urgent imperative unchallengeable ending debate       
Perfidious,adjective, treacherous faithless          
Perfidy,noun, treachery breaking of faith        
Perfunctory,noun, done as a duty without care      
Perilous,adjective, dangerous           
Peripatetic,adjective, wandering           
Perish,adjective, be destroyed decay         
Perjury,noun, willful FALSE statement unlawful act       
Permeate,verb, spread into every part of       
Pernicious,adjective, harmful injurious          
Perpetrate,verb, be guilty commit (a crime)       
Personable,adjective, pleasing in appearance attractive        
Perspicacity,noun, quick judging and understanding        
Pertain,verb, belong as a part have reference      
Pest,noun, destructive thing or a person who is nuisance    
Petrified,verb, taken away power (to think feel act)     
Petrify,verb, to make hard rocklike        
Petrous,adjective, like a rock hard stony       
Petulant,adjective, unreasonably impatient          
Philistine,noun, a smug ignorant person one who lacks knowledge    
Phlegmatic,adjective, calm sluggish temperament unemotional        
Picaresque,adjective, involving clever rogues or adventurers       
Pied,verb, of mixed colors         
Pinch,verb, be too tight take between the thumb and finger   
Pine,verb, waste away through sorrow or illness    
Pious,adjective, dutiful to parents devoted to religion      
Piquant,noun, agreeably pungent stimulating         
Pique,noun, hurt the pride or self-respect stir (curiosity)     
Pitfall,noun, covered hole as a trap unsuspected danger     
Pith,noun, essential part force soft liquid substance      
Pivotal,adjective, of great importance (others depend on it)     
Placate,verb, soothe pacify calm         
Plaintive,adjective, mournful melancholy sorrowful         
Plaque,noun, flat metal on a wall as a memorial    
Platitude,noun, a trite or banal statement unoriginality      
Plea,noun, request           
Plead,verb, address a court of law as an advocate    
Plethora,noun, glut           
Pliant,adjective, pliable easily bent shaped or twisted      
Plod,verb, continue doing something without resting       
Pluck,verb, pull the feathers off pick (e.g.. flowers)     
Plumb,verb, get to the root of       
Plummet,verb, fall plunge steeply         
Plunge,verb, move quickly suddenly and with force      
Poignant,adjective, deeply moving keen         
Poncho,noun, large piece of cloth      
Ponderous,adjective, heavy bulky dull         
Portent,noun, omen marvelous threatening         
Precarious,adjective, uncertain risky dangerous         
Precepts,noun, rules establishing standards of conduct       
Preclude,verb, prevent make impossible         
Precursory,adjective, preliminary anticipating          
Predilection,noun, special liking mental preference        
Predominate,noun, have more power than others       
Preen,adjective, tidy/show self-satisfaction        
Premature,adjective, doing or happening something before the right time    
Preponderance,noun, greatness in number strength weight       
Presage,noun, warning sign          
Presumption,noun, arrogance         
Preternatural,adjective, not normal or usual        
Prevalent,adjective, common           
Prevaricate,verb, to equivocate to stray from the truth     
Prim,adjective, neat formal          
Pristine,adjective, primitive unspoiled pure as in earlier times unadulterated    
Probity,noun, uprightness incorruptibility principle         
Proclivity,noun, inclination           
Procrastination,noun, keeping on putting off        
Prodigal,adjective, wasteful reckless with money        
Prodigious,adjective, enormous wonderful          
Profane,noun, worldly having contempt for God       
Profligacy,noun, shameless immorality        
Profligate,adjective, wasteful prodigal licentious extravagant        
Profundity,noun, depth           
Profuse,adjective, abundant/lavish         
Proliferate,noun, grow reproduce by rapid multification       
Prolix,noun, tiring because too long        
Prone,adjective, prostrate inclined to (undesirable things)       
Propagation,noun, increasing the number spreading extending       
Propinquity,noun, nearness in time or place affinity of nature    
Propitiatory,noun, conciliatory appeasing mitigating         
Propitious,adjective, auspicious presenting favorable circumstances        
Prosaic,adjective, everyday mundane commonplace trite pedestrian       
Proscribe,verb, denounce as dangerous         
Protracted,adjective, prolonged           
Provident,adjective, frugal looking to the future       
Provisional,adjective, of the present time only       
Provoke,verb, make angry vax         
Prudence,noun, careful forethought          
Prudish,adjective, easily shocked excessively modest        
Prune,noun, dried plum silly person        
Pry,verb, get something inquire too curiously       
Pucker,noun, wrinkle         
Pugnacious,adjective, fond of in the habit of fighting     
Puissance,noun, strength         
Punctilious,adjective, precise paying attention to trivialities       
Pundit,noun, pedant authority on a subject       
Pungency,noun, sharpness stinging quality         
Purvey,verb, provide supply          
Pusillanimous,adjective, cowardly craven          
Putrefaction,noun, becoming rotten        
Pyre,noun, large pile of wood for burning      
Quack,noun, person dishonestly claiming to something       
Quaff,noun, drink deeply          
Quail,verb, lose courage turn frightened        
Qualm,noun, feeling of doubt temporary feeling of sickness     
Quandary,noun, state of doubt or perplexity     
Quell,noun, suppress subdue          
Quibble,adjective, try to avoid by sophistication       
Quiescence,noun, state of being passive/motionless      
Quiescent,adjective, at rest dormant torpid        
Quirk,noun, habit or action peculiar to someone or something    
Quixotic,adjective, generous unselfish          
Quotidian,adjective, banal everyday          
Rabble,noun, mob crowd the lower classes of populace     
Raconteur,noun, person who tells anecdotes        
Raffish,adjective, low vulgar base tawdry        
Ramify,verb, to be divided or subdivided to branch out    
Rancorous,adjective, feeling bitterness spitefulness         
Rant,noun, use extravagant language         
Rapacious,adjective, greedy (esp for money)        
Rarefy,noun, to make thin to make less dense to purify or refine 
Rave,verb, act with excessive enthusiasm      
Reactionary,adjective, opposing progress          
Rebuff,verb, snub           
Recalcitrant,adjective, disobedient           
Recant,verb, take back as being FALSE give up     
Recast,verb, cast or fashion anew        
Recidivism,noun, relapse into antisocial or criminal behavior      
Reciprocity,noun, granting of privileges in return for similar     
Recitals,noun, a number of performance of music      
Recluse,noun, person who lives alone and avoids people     
Recompense,noun, make payment to reward punish       
Reconcile,noun, settle a quarrel restore peace       
Recondite,adjective, little known abstruse         
Recreancy,noun, cowardice a cowardly giving up       
Recuperate,verb, become strong after illness loss exhaustion      
Redeem,verb, get back by payment compensate       
Redoubtable,adjective, formidable causing fear         
Refine,verb, make or become pure cultural       
Refractory,noun, stubborn unmanageable untractable         
Refulgent,adjective, shining brilliant          
Regale,verb, to delight or entertain to feast      
Regicide,noun, crime of killing a king       
Reiterate,verb, say or do again several times      
Rejuvenation,noun, becoming young in nature or appearance      
Relapse,verb, fall back again         
Remonstrate,verb, to protest object         
Render,verb, deliver provide represent         
Renovate,verb, restore something to better condition       
Renowned,adjective, celebrated famous          
Repast,noun, meal           
Repel,verb, refuse to accept/cause dislike      
Repine,verb, at be discontented with        
Reproach,verb, scold upbraid          
Reprobate,noun, person hardened in sin one devoid of decency    
Repudiate,verb, disown refuse to accept or pay      
Repulsive,adjective, causing a feeling of disgust       
Requite,verb, repay give in return        
Rescind,verb, repeal/annul/cancel         
Resigned,adjective, unresisting submissive          
Resilience,noun, quality of quickly recovering the original shape     
Resort,noun, to frequently visit         
Restive,adjective, refusing to move reluctant to be controlled     
Resuscitation,noun, coming back to consciousness        
Retard,verb, check hinder          
Reticent,adjective, reserved untalkative silent taciturn        
Revere,verb, have deep respect for        
Reverent,adjective, feeling or showing deep respect     
Riddle,noun, puzzling person or thing      
Rift,noun, split crack dissension         
Rivet,noun, fix take up secure metal pin      
Roll,noun, call calling of names        
Rotund,adjective, rich and deep plump and round      
Ruffian,noun, violent cruel man         
Rumple,verb, make rough        
Sagacious,adjective, having sound judgment perceptive wise like a sage    
Salacious,adjective, obscene           
Salubrious,adjective, healthful           
Salutary,adjective, remedial wholesome causing improvement        
Sanctimony,noun, self-righteousness hypocritical with FALSE piety       
Sanction,noun, approval (by authority) penalty        
Sanguine,adjective, cheerful confident optimistic         
Sanity,noun, health of mind soundness of judgement      
Sash,noun, long strip worn round the waist    
Satiate,verb, satisfy fully          
Saturnine,adjective, gloomy dark sullen morose        
Savant,noun, person of great learning        
Savor,verb, taste flavor something         
Sawdust,noun, tiny bits of wood        
Scabbard,noun, sheath for the blade        
Scent,noun, smell (esp pleasant)         
Scorch,verb, become discolored/dry up/go at high speed    
Scribble,verb, write hastily          
Scurvy,adjective, mean contemptible          
Secular,adjective, material (not spiritual) living outside monasteries      
Sedulous,adjective, persevering           
Seminal,adjective, like a seed constituting a source originative     
Sententious,adjective, short and pithy full of maxims/proverbs      
Sequence,noun, succession connected line of        
Sere,verb, make hard and without feeling     
Sermon,noun, reproving a person for his faults    
Serrated,adjective, having a toothed edge        
Serration,noun, having a toothed edge        
Servile,adjective, like a servant lacking independence       
Sever,verb, break off        
Severance,noun, severing           
Shallow,adjective, little depth not earnest        
Shard,noun, piece of broken earthenware        
Sheath,noun, cover for the blade of a weapon or a tool  
Shrewd,adjective, astute showing sound judgement        
Shrill,adjective, sharp piercing          
Shun,verb, keep away from avoid        
Shunt,noun, send from one track to another lay aside evade discussion  
Sidestep,verb, step to one side        
Simper,verb, (give a) silly/self-conscious smile      
Sinuous,adjective, winding undulating serpentine         
Skiff,noun, small boat          
Skit,noun, short piece of humorous writing       
Slack,adjective, sluggish dull not tight        
Slake,verb, to assuage to satisfy allay       
Slate,noun, kind of blue-grey stone propose criticize      
Sluggard,noun, lazy slow-moving person         
Slur,verb, join sounds/words (indistinct)       
Smolder,verb, burn slowly without flame      
Snare,noun, trap         
Snub,verb, treat with contempt       
Soar,verb, rise fly high         
Sober,adjective, self-controlled           
Sobriety,noun, quality or condition of being sober      
Sodden,adjective, soaked saturated          
Soggy,adjective, heavy with water         
Solvent,adjective, of the power of forming a solution     
Somatic,adjective, of the body         
Soot,noun, black powder in smoke        
Sophisticated,adjective, complex subtle refined         
Sophistry,noun, fallacious reasoning faulty logic        
Sophomoric,adjective, self-assured though immature affected bombastic overblown      
Soporific,adjective, producing sleep        
Sordid,adjective, wretched comfortless contemptible         
Spear,noun, weapon with a metal point on a long shaft   
Specious,adjective, illogical of questionable truth or merit      
Splenetic,adjective, bad-tempered irritable          
Splice,verb, join (two ends)         
Sponge,noun, porous rubber for washing live at once expense    
Spurious,adjective, FALSE counterfeit          
Spurn,verb, have nothing to do reject or refuse     
Squalid,adjective, foul filthy          
Squander,verb, spend wastefully          
Squat,verb, crouch/settle without permission       
Stanch,verb, to stop the flow of a fluid     
Steep,adjective, rising or falling sharply        
Stentorian,adjective, extremely loud and powerful        
Stickler,noun, person who insists on importance of something     
Stigma,noun, mark of shame or disgrace       
Stigmatize,verb, describe someone scornfully         
Sting,noun, something sharp          
Stingy,adjective, spending using unwillingly         
Stint,noun, to be thrifty to set limits      
Stipple,verb, paint with dots       
Stipulate,verb, state or put forward as a necessary condition    
Stolid,adjective, showing no emotion impassive        
Stray,verb, wander lose one's way        
Streak,noun, long thin move very fast       
Striated,adjective, striped grooved or banded        
Stride,verb, walk with long steps        
Strut,noun, a supporting bar         
Stygian,adjective, hence dark gloomy         
Stymie,verb, to hinder obstruct or block       
Subdue,verb, overcome bring under control        
Sublime,adjective, extreme astounding          
Submerge,verb, put under water liquid sink out of sight    
Suborn,verb, induce by bribery or something to commit perjury    
Subpoena,noun, written order requiring a person to appear in a low court 
Substantiation,noun, giving facts to support (statement)     
Subsume,verb, include under a rule        
Succor,noun, assistance relief in time of distress      
Suffice,verb, be enough          
Suffocate,verb, cause or have difficulty in breathing    
Sullied,adjective, to be stained or discredited       
Summarily,adjective, briefly without delay         
Sumptuous,adjective, magnificent           
Sundry,adjective, various miscellaneous separate         
Supercilious,adjective, disdainful characterized by haughty scorn       
Superfluous,adjective, more then is needed or wanted      
Superimpose,verb, put something on the top       
Supersede,noun, take the place of        
Supine,adjective, lying on the back slow to act passive    
Suppliant,adjective, asking humbly beseeching         
Supplicate,verb, make a humble petition to       
Suppress,verb, prevent from being known put an end to    
Surcharge,noun, additional load/charge        
Surfeit,adjective, satiate feed to fulness or to excess     
Susceptibility,noun, sensitiveness           
Swerve,verb, change direction suddenly       
Sycophant,noun, person who flatter to the rich and powerful    
Synopsis,noun, summary or outline         
Taciturn,adjective, untalkative silent          
Tadpole,noun, form of a frog when it leaves the egg 
Talon,noun, claw of a bird of prey      
Tamp,verb, tap or drive down by repeated light blows    
Tamper,verb, interfere with          
Tangential,adjective, suddenly changeable          
Tarnished,adjective, lost brightness          
Tassel,noun, bunch of threads       
Taunt,noun, contemptuous reproach hurtful remark        
Taut,adjective, tightly stretched          
Tautology,noun, a repetition a redundancy        
Tawdry,adjective, cheap gaudy showy tacky        
Teetotal,verb, oppose alcohol         
Temerity,noun, boldness brashness intrepidness         
Temperance,noun, abstinence from alcohol self-control moderation       
Temperate,noun, showing self-control          
Tenacity,noun, firmness persistency adhesiveness tending to hang on     
Tenuous,adjective, insubstantial flimsy weak         
Tepid,adjective, lukewarm         
Terse,adjective, brief and to the point       
Testiness,noun, witness/evidence         
Thrift,noun, care economy thriving prosperous        
Thwart,noun, obstruct/frustrate         
Timid,adjective, shy easily frightened         
Timorous,adjective, fearful timid afraid         
Toady,adjective, obsequious flatterer        
Tonic,noun, something giving strength or energy       
Topple,noun, be unsteady and overturn        
Torment,noun, severe pain or suffering        
Torpid,adjective, sleeping sluggish lethargic dormant        
Torque,noun, twisting force causing rotation      
Tortuous,adjective, devious/not straightforward        
Tout,noun, person who worries others to buy something to use his service 
Tractable,adjective, easily controlled or guided        
Transgress,verb, break go beyond (a limit)       
Transient,noun, temporary fleeting          
Transitory,adjective, brief           
Travesty,noun, parody/imitation         
Trenchant,adjective, forceful effective vigorous extremely perceptive incisive      
Trepidation,noun, alarm excited state of mind       
Trickle,verb, flow in drops       
Trifling,adjective, unimportant           
Trite,adjective, not new          
Truce,noun, (agreement) stop of fighting for a time   
Truculence,noun, aggressiveness ferocity          
Trudge,verb, walk heavily          
Turbid,adjective, muddy having the sediment stirred up      
Turbulence,noun, being uncontrolled violent         
Turgid,adjective, excessively ornate swollen or bloated       
Turmoil,noun, trouble disturbance          
Turpitude,noun, wickedness shamefulness          
Turquoise,noun, greenish-blue precious stone       
Tyro,noun, tiro beginner          
Ubiquitous,adjective, present everywhere        
Ulterior,adjective, situated beyond          
Umbrage,noun, offense resentment          
Uncouth,adjective, rough awkward          
Underbid,verb, make a lower bid then someone else     
Undermine,verb, weaken gradually at the base make something under    
Undulate,verb, to move in wavelike fashion fluctuate      
Unearth,verb, discover and bring to light     
Unencumbered,adjective, easy-going trifle          
Unfeigned,adjective, not pretended sincere         
Unscathed,adjective, unharmed unhurt          
Untoward,adjective, unfortunate inconvenient          
Upbraid,verb, scold reproach          
Urbane,adjective, elegant refined in manners        
Vacillation,noun, being uncertain hesitating         
Vagary,adjective, strange act or idea        
Vain,adjective, without use result conceited        
Valiant,adjective, brave           
Valorous,adjective, brave           
Vanquish,verb, conquer           
Veer,verb, change direction          
Venal,adjective, ready to do something dishonest       
Veneer,noun, surface appearance covering the TRUE nature      
Veneration,noun, regard with deep respect        
Veracity,noun, truth           
Verdant,adjective, fresh and green       
Verisimilitude,noun, appearing TRUE or real        
Veritable,adjective, real rightly named         
Verve,noun, spirit vigor enthusiasm         
Vestige,noun, trace or sign       
Vex,verb, annoy distress trouble         
Vigilance,noun, watchfulness self-appointed group who maintain order      
Vigilant,noun, member of a vigilance committee       
Vigorous,adjective, strong energetic          
Vilify,verb, slander say evil things        
Vindictive,adjective, having a desire to revenge       
Virago,noun, a loud domineering woman a scold or nag    
Visceral,adjective, of the internal organs of the body     
Viscous,adjective, sticky/semi-fluid         
Vitiate,noun, lower the quality weaken the strength      
Vituperate,noun, curse abuse in words        
Vivacious,adjective, lively high-spirited          
Volatile,adjective, changeable inconstant fickle unstable explosive       
Volubility,noun, fluency verbosity easy use of spoken language     
Voluble,adjective, fluent           
Waffle,verb, talk vaguely and without much result    
Waft,noun, scent waving movement carry lightly through      
Wag,noun, merry person          
Warmonger,noun, person who stirs up war       
Warrant,noun, authority written order guarantee        
Wean,verb, to turn away (from a habit)    
Weigh,verb, measure assess importance of       
Welter,noun, turmoil a bewildering jumble        
Wend,verb, to go proceed         
Whimsical,adjective, full of odd and fanciful ideas      
Wince,verb, show bodily or mental pain       
Woo,verb, try to win         
Writ,noun, written order        
Yarn,noun, tale story fibers for knitting       
